BOARD-TITLE,BOARD_CONTENT,WRITER,COUNT,ENROLL_DATE,MODIFIED_DATE,STATUS
관리자입니다.,내용입니다.,관리자,0,2022-04-15,2022-04-15,Y
user01입니다.,관리자입니다.,user01,0,2022-04-16,2022-04-16,Y
user02니다.,user01입니다.,user02,0,2022-04-17,2022-04-17,Y
user03니다.,user02니다.,user03,0,2022-04-18,2022-04-18,Y
관리자입니다.,user03니다.,관리자,0,2022-04-19,2022-04-19,Y
관리자입니다.,관리자입니다.,관리자,0,2022-04-20,2022-04-20,Y
user01입니다.,내용입니다.,user01,0,2022-04-21,2022-04-21,Y
user02니다.,내용입니다.,user02,0,2022-04-22,2022-04-22,Y
user03니다.,관리자입니다.,user03,0,2022-04-23,2022-04-23,Y
관리자입니다.,user01입니다.,관리자,0,2022-04-24,2022-04-24,Y
관리자입니다.,user02니다.,관리자,0,2022-04-25,2022-04-25,Y
user01입니다.,user03니다.,user01,0,2022-04-26,2022-04-26,Y
user02니다.,관리자입니다.,user02,0,2022-04-27,2022-04-27,Y
user03니다.,내용입니다.,user03,0,2022-04-28,2022-04-28,Y
관리자입니다.,내용입니다.,관리자,0,2022-04-29,2022-04-29,Y
관리자입니다.,관리자입니다.,관리자,0,2022-04-30,2022-04-30,Y
user01입니다.,user01입니다.,user01,0,2022-05-01,2022-05-01,Y
user02니다.,user02니다.,user02,0,2022-05-02,2022-05-02,Y
user03니다.,user03니다.,user03,0,2022-05-03,2022-05-03,Y
관리자입니다.,관리자입니다.,관리자,0,2022-05-04,2022-05-04,Y
관리자입니다.,내용입니다.,관리자,0,2022-05-05,2022-05-05,Y
user01입니다.,내용입니다.,user01,0,2022-05-06,2022-05-06,Y
user02니다.,내용입니다.,user02,0,2022-05-07,2022-05-07,Y
user03니다.,내용입니다.,user03,0,2022-05-08,2022-05-08,Y
관리자입니다.,내용입니다.,관리자,0,2022-05-09,2022-05-09,Y
관리자입니다.,관리자입니다.,관리자,0,2022-05-10,2022-05-10,Y
user01입니다.,user01입니다.,user01,0,2022-05-11,2022-05-11,Y
user02니다.,user02니다.,user02,0,2022-05-12,2022-05-12,Y
user03니다.,user03니다.,user03,0,2022-05-13,2022-05-13,Y
관리자입니다.,관리자입니다.,관리자,0,2022-05-14,2022-05-14,Y
관리자입니다.,내용입니다.,관리자,0,2022-05-15,2022-05-15,Y
user01입니다.,내용입니다.,user01,0,2022-05-16,2022-05-16,Y
user02니다.,관리자입니다.,user02,0,2022-05-17,2022-05-17,Y
user03니다.,user01입니다.,user03,0,2022-05-18,2022-05-18,Y
관리자입니다.,user02니다.,관리자,0,2022-05-19,2022-05-19,Y
관리자입니다.,user03니다.,관리자,0,2022-05-20,2022-05-20,Y
user01입니다.,관리자입니다.,user01,0,2022-05-21,2022-05-21,Y
user02니다.,내용입니다.,user02,0,2022-05-22,2022-05-22,Y
user03니다.,내용입니다.,user03,0,2022-05-23,2022-05-23,Y
관리자입니다.,내용입니다.,관리자,0,2022-05-24,2022-05-24,Y
관리자입니다.,관리자입니다.,관리자,0,2022-05-25,2022-05-25,Y
user01입니다.,user01입니다.,user01,0,2022-05-26,2022-05-26,Y
user02니다.,user02니다.,user02,0,2022-05-27,2022-05-27,Y
user03니다.,user03니다.,user03,0,2022-05-28,2022-05-28,Y
관리자입니다.,관리자입니다.,관리자,0,2022-05-29,2022-05-29,Y
관리자입니다.,내용입니다.,관리자,0,2022-05-30,2022-05-30,Y
user01입니다.,내용입니다.,user01,0,2022-05-31,2022-05-31,Y
user02니다.,관리자입니다.,user02,0,2022-06-01,2022-06-01,Y
user03니다.,user01입니다.,user03,0,2022-06-02,2022-06-02,Y
관리자입니다.,user02니다.,관리자,0,2022-06-03,2022-06-03,Y
관리자입니다.,user03니다.,관리자,0,2022-06-04,2022-06-04,Y
user01입니다.,관리자입니다.,user01,0,2022-06-05,2022-06-05,Y
user02니다.,내용입니다.,user02,0,2022-06-06,2022-06-06,Y
user03니다.,관리자입니다.,user03,0,2022-06-07,2022-06-07,Y
관리자입니다.,user01입니다.,관리자,0,2022-06-08,2022-06-08,Y
관리자입니다.,user02니다.,관리자,0,2022-06-09,2022-06-09,Y
user01입니다.,user03니다.,user01,0,2022-06-10,2022-06-10,Y
user02니다.,관리자입니다.,user02,0,2022-06-11,2022-06-11,Y
user03니다.,내용입니다.,user03,0,2022-06-12,2022-06-12,Y
관리자입니다.,내용입니다.,관리자,0,2022-06-13,2022-06-13,Y
관리자입니다.,내용입니다.,관리자,0,2022-06-14,2022-06-14,Y
user01입니다.,관리자입니다.,user01,0,2022-06-15,2022-06-15,Y
user02니다.,user01입니다.,user02,0,2022-06-16,2022-06-16,Y
user03니다.,user02니다.,user03,0,2022-06-17,2022-06-17,Y
관리자입니다.,user03니다.,관리자,0,2022-06-18,2022-06-18,Y
관리자입니다.,관리자입니다.,관리자,0,2022-06-19,2022-06-19,Y
user01입니다.,내용입니다.,user01,0,2022-06-20,2022-06-20,Y
user02니다.,내용입니다.,user02,0,2022-06-21,2022-06-21,Y
user03니다.,내용입니다.,user03,0,2022-06-22,2022-06-22,Y
관리자입니다.,관리자입니다.,관리자,0,2022-06-23,2022-06-23,Y
관리자입니다.,user01입니다.,관리자,0,2022-06-24,2022-06-24,Y
user01입니다.,user02니다.,user01,0,2022-06-25,2022-06-25,Y
user02니다.,user03니다.,user02,0,2022-06-26,2022-06-26,Y
user03니다.,관리자입니다.,user03,0,2022-06-27,2022-06-27,Y
관리자입니다.,내용입니다.,관리자,0,2022-06-28,2022-06-28,Y
관리자입니다.,내용입니다.,관리자,0,2022-06-29,2022-06-29,Y
user01입니다.,내용입니다.,user01,0,2022-06-30,2022-06-30,Y
user02니다.,관리자입니다.,user02,0,2022-07-01,2022-07-01,Y
user03니다.,user01입니다.,user03,0,2022-07-02,2022-07-02,Y
관리자입니다.,user02니다.,관리자,0,2022-07-03,2022-07-03,Y
관리자입니다.,user03니다.,관리자,0,2022-07-04,2022-07-04,Y
user01입니다.,관리자입니다.,user01,0,2022-07-05,2022-07-05,Y
user02니다.,내용입니다.,user02,0,2022-07-06,2022-07-06,Y
user03니다.,내용입니다.,user03,0,2022-07-07,2022-07-07,Y
관리자입니다.,관리자입니다.,관리자,0,2022-07-08,2022-07-08,Y
관리자입니다.,user01입니다.,관리자,0,2022-07-09,2022-07-09,Y
user01입니다.,user02니다.,user01,0,2022-07-10,2022-07-10,Y
user02니다.,user03니다.,user02,0,2022-07-11,2022-07-11,Y
user03니다.,관리자입니다.,user03,0,2022-07-12,2022-07-12,Y
관리자입니다.,내용입니다.,관리자,0,2022-07-13,2022-07-13,Y
관리자입니다.,관리자입니다.,관리자,0,2022-07-14,2022-07-14,Y
user01입니다.,user01입니다.,user01,0,2022-07-15,2022-07-15,Y
user02니다.,user02니다.,user02,0,2022-07-16,2022-07-16,Y
user03니다.,user03니다.,user03,0,2022-07-17,2022-07-17,Y
관리자입니다.,관리자입니다.,관리자,0,2022-07-18,2022-07-18,Y
관리자입니다.,내용입니다.,관리자,0,2022-07-19,2022-07-19,Y
user01입니다.,내용입니다.,user01,0,2022-07-20,2022-07-20,Y
user02니다.,관리자입니다.,user02,0,2022-07-21,2022-07-21,Y
user03니다.,user01입니다.,user03,0,2022-07-22,2022-07-22,Y
관리자입니다.,user02니다.,관리자,0,2022-07-23,2022-07-23,Y
제목입니다.,user03니다.,관리자,0,2022-07-24,2022-07-24,Y
제목입니다.,관리자입니다.,관리자,0,2022-07-25,2022-07-25,Y
